5_woman (25).JPG,0
3_men (108).JPG,4
3_woman (78).JPG,5
4_woman (89).JPG,3
3_men (83).JPG,3
2_woman (58).JPG,3
1_men (109).JPG,2
3_woman (4).JPG,4
2_men (121).JPG,3
0_men (122).JPG,1
2_men (76).JPG,3
4_men (159).JPG,3
2_men (104).JPG,3
2_men (58).JPG,4
4_woman (22).JPG,3
3_woman (135).JPG,4
2_woman (78).JPG,1
0_woman (72).JPG,1
3_men (172).JPG,4
3_woman (111).JPG,2
3_men (171).JPG,4
3_men (158).JPG,4
2_men (67).JPG,1
0_men (79).JPG,1
4_woman (113).JPG,1
2_men (33).JPG,3
3_men (35).JPG,2
2_woman (130).JPG,3
3_woman (6).JPG,0
4_men (73).JPG,2
3_woman (102).JPG,2
2_woman (5).JPG,1
2_men (91).JPG,3
2_woman (36).JPG,3
0_men (12).JPG,1
0_woman (91).JPG,2
2_woman (80).JPG,1
4_woman (87).JPG,3
4_men (94).JPG,3
3_woman (93).JPG,2
2_woman (72).JPG,1
4_woman (7).JPG,3
4_woman (65).JPG,3
4_men (44).JPG,3
4_men (95).JPG,3
3_woman (95).JPG,4
3_woman (62).JPG,4
3_woman (51).JPG,4
3_men (135).JPG,5
2_men (15).JPG,3
4_men (106).JPG,3
2_woman (91).JPG,1
4_men (62).JPG,3
3_woman (43).JPG,2
2_men (173).JPG,3
2_woman (88).JPG,1
4_men (152).JPG,3
